project_id,title,creator_name,goal_amount,like_count,created_at
27,비전 있는 역수 함수,성시우,48124141,8,2024-08-30
19,적응된 휴대형 안내 창구,김서영,11405674,176,2024-09-27
30,올바른 사이즈의 분리된 프로젝트,김현우,48674034,119,2024-06-22
21,조직화된 멀티 태스킹 환경,이정순,2477576,19,2025-04-21
8,리버스 엔지니어링된 결합된 GUI,이민서,6654650,187,2024-11-13
11,멀티 레이어 객체 지향적 마이그레이션,김윤서,26503987,136,2025-03-25
15,최전방 보조 엔진,박성현,44866559,100,2024-07-09
20,낮은 백그라운드 어플리케이션,김지원,35009030,31,2025-04-16
7,오픈소스 범국가적 계층,김수민,48698463,145,2024-12-14
